Workbook

Sheet Portaria
E5: SISTEMA DE CONSULTA DE ACESSO - PORTARIA (BOUGAINVILLE)
E7: DIGITE O LOTE-QUADRA
J9: 22-28
E13: STATUS DE ACESSO
E14: =IF(J9="","",IF(COUNTIF('Lote Entregues'!$C$6:$C$4500,J9)=0,"LOTE NÃO ENCONTRADO - CONSULTAR ADMINISTRAÇÃO",IF(COUNTIF('Lote Entregues'!$J$6:$J$4500,J9)>0,IF(COUNTIFS(Embargos!$D$3:$D$4484,J9,Embargos!$C$3:$C$4484,"SIM")>0,"LIBERADO - MORADOR","EMBARGADO - NÃO LIBERAR"),"LIBERADO")))
E16: =IF(J9="","",IF(COUNTIF('Lote Entregues'!$C$6:$C$4500,J9)=0,"NÃO IDENTIFICADO",IF(COUNTIF('Lote Entregues'!$J$6:$J$4500,J9)>0,IF(COUNTIFS(Embargos!$D$3:$D$4484,J9,Embargos!$C$3:$C$4484,"SIM")>0,"MORADOR - ACESSO PERMITIDO","NÃO É MORADOR - ACESSO RESTRITO"),IF(IFERROR(VLOOKUP(J9,'Lote Entregues'!C6:G4500,5,FALSE),"NÃO")="SIM","MORADOR","NÃO É MORADOR"))))

Sheet Lote Entregues
B3: ATUALIZADO - 23/09/2026
B4: LISTA DE LOTES ENTREGUES - BOUGAINVILLLE
B5: QUANTIDADES ENTREGUES | C5: LOTE - QUADRA | D5: LOTE | E5: QUADRA | F5: PROPRIETÁRIO | G5: MORADOR | H5: DATA DA ENTREGA | I5: SETOR | J5: ANALISE | K5: SITUAÇÃO
B6: 1 | C6: 19-76 | D6: 19 | E6: 76 | F6: A ENGENHARIA DO FRIO EIRELI | H6: 46030 | I6: ROXO | J6: =IFERROR(VLOOKUP($C6,Embargos!$D$3:$D$4484,1,FALSE), "OK") | K6: =IF(J6=C6, "EMBARGADO", "LIBERADO")
B7: 2 | C7: 7-26 | D7: 7 | E7: 26 | F7: ADAILSON OLIVEIRA DA SILVA | H7: 44960 | I7: VERMELHO | J7: =IFERROR(VLOOKUP($C7,Embargos!$D$3:$D$4484,1,FALSE), "OK") | K7: =IF(J7=C7, "EMBARGADO", "LIBERADO")
B8: 3 | C8: 46-69 | D8: 46 | E8: 69 | F8: ADAILSON SILVA DOS SANTOS | H8: 44944 | I8: AMARELO | J8: =IFERROR(VLOOKUP($C8,Embargos!$D$3:$D$4484,1,FALSE), "OK") | K8: =IF(J8=C8, "EMBARGADO", "LIBERADO")
B9: 4 | C9: 1-52 | D9: 1 | E9: 52 | F9: ADALBERTO PAIVA SILVA FILHO | H9: 44942 | I9: AMARELO | J9: =IFERROR(VLOOKUP($C9,Embargos!$D$3:$D$4484,1,FALSE), "OK") | K9: =IF(J9=C9, "EMBARGADO", "LIBERADO")
B10: 5 | C10: 30-19 | D10: 30 | E10: 19 | F10: ADAM TAVARES MAGALHAES | H10: 46175 | I10: EXCLUSIVE | J10: =IFERROR(VLOOKUP($C10,Embargos!$D$3:$D$4484,1,FALSE), "OK") | K10: =IF(J10=C10, "EMBARGADO", "LIBERADO")
B11: 6 | C11: 29-24 | D11: 29 | E11: 24 | F11: ADAM TAVARES MAGALHAES | H11: 46175 | I11: VERMELHO | J11: =IFERROR(VLOOKUP($C11,Embargos!$D$3:$D$4484,1,FALSE), "OK") | K11: =IF(J11=C11, "EMBARGADO", "LIBERADO")
B12: 7 | C12: 8-19 | D12: 8 | E12: 19 | F12: ADAM TAVARES MAGALHAES | H12: 46175 | I12: EXCLUSIVE | J12: =IFERROR(VLOOKUP($C12,Embargos!$D$3:$D$4484,1,FALSE), "OK") | K12: =IF(J12=C12, "EMBARGADO", "LIBERADO")
B13: 8 | C13: 8-46 | D13: 8 | E13: 46 | F13: ADELE SUZANA DO CARMO TAVARES | H13: 46265 | I13: LARANJA | J13: =IFERROR(VLOOKUP($C13,Embargos!$D$3:$D$4484,1,FALSE), "OK") | K13: =IF(J13=C13, "EMBARGADO", "LIBERADO")
B14: 9 | C14: 33-14 | D14: 33 | E14: 14 | F14: ADEMIR GONCALVES CORREA JUNIOR | H14: 45262 | I14: GARDEN | J14: =IFERROR(VLOOKUP($C14,Embargos!$D$3:$D$4484,1,FALSE), "OK") | K14: =IF(J14=C14, "EMBARGADO", "LIBERADO")
B15: 10 | C15: 34-14 | D15: 34 | E15: 14 | F15: ADEMIR GONCALVES CORREA JUNIOR | H15: 45262 | I15: GARDEN | J15: =IFERROR(VLOOKUP($C15,Embargos!$D$3:$D$4484,1,FALSE), "OK") | K15: =IF(J15=C15, "EMBARGADO", "LIBERADO")
B16: 11 | C16: 24-16 | D16: 24 | E16: 16 | F16: ADENARD FRANCISCO CLEOPHAS CUNHA | H16: 46165 | I16: LARANJA | J16: =IFERROR(VLOOKUP($C16,Embargos!$D$3:$D$4484,1,FALSE), "OK") | K16: =IF(J16=C16, "EMBARGADO", "LIBERADO")
B17: 12 | C17: 18-29 | D17: 18 | E17: 29 | F17: ADERSON PESSOA BARRETO | H17: 44965 | I17: VERMELHO | J17: =IFERROR(VLOOKUP($C17,Embargos!$D$3:$D$4484,1,FALSE), "OK") | K17: =IF(J17=C17, "EMBARGADO", "LIBERADO")
B18: 13 | C18: 20-67 | D18: 20 | E18: 67 | F18: ADILSON OLIVEIRA COSTA JUNIOR | H18: 44952 | I18: AMARELO | J18: =IFERROR(VLOOKUP($C18,Embargos!$D$3:$D$4484,1,FALSE), "OK") | K18: =IF(J18=C18, "EMBARGADO", "LIBERADO")
... B96: 91 | C96: 4-53 | D96: 4 | E96: 53 | F96: ALLAN LAKISE RAMOS | H96: 45300 | I96: AMARELO | J96: =IFERROR(VLOOKUP($C96,Embargos!$D$3:$D$4484,1,FALSE), "OK") | K96: =IF(J96=C96, "EMBARGADO", "LIBERADO")
B97: 92 | C97: 41-75 | D97: 41 | E97: 75 | F97: ALLOF THAYRO SOUZA PALHANO | G97: SIM | H97: 45199 | I97: ROXO | J97: =IFERROR(VLOOKUP($C97,Embargos!$D$3:$D$4484,1,FALSE), "OK") | K97: =IF(J97=C97, "EMBARGADO", "LIBERADO")
B98: 93 | C98: 9-50 | D98: 9 | E98: 50 | F98: ALLYSON LUIZ DA SILVA DUARTE | H98: 46031 | I98: AMARELO | J98: =IFERROR(VLOOKUP($C98,Embargos!$D$3:$D$4484,1,FALSE), "OK") | K98: =IF(J98=C98, "EMBARGADO", "LIBERADO")
B99: 94 | C99: 37-38 | D99: 37 | E99: 38 | F99: ALMIR RODRIGO PINTO DE OLIVEIRA | H99: 46056 | I99: LARANJA | J99: =IFERROR(VLOOKUP($C99,Embargos!$D$3:$D$4484,1,FALSE), "OK") | K99: =IF(J99=C99, "EMBARGADO", "LIBERADO")
B100: 95 | C100: 31-13 | D100: 31 | E100: 13 | F100: ALMIR SALES RODRIGUES | H100: 45477 | I100: GARDEN | J100: =IFERROR(VLOOKUP($C100,Embargos!$D$3:$D$4484,1,FALSE), "OK") | K100: =IF(J100=C100, "EMBARGADO", "LIBERADO")
B101: 96 | C101: 34-9 | D101: 34 | E101: 9 | F101: ALONSO JUNIOR PINHEIRO CARVALHO | H101: 45257 | I101: GARDEN | J101: =IFERROR(VLOOKUP($C101,Embargos!$D$3:$D$4484,1,FALSE), "OK") | K101: =IF(J101=C101, "EMBARGADO", "LIBERADO")
B102: 97 | C102: 14-63 | D102: 14 | E102: 63 | F102: ALTERLINE RODRIGUES DA SILVA | H102: 45867 | I102: ROXO | J102: =IFERROR(VLOOKUP($C102,Embargos!$D$3:$D$4484,1,FALSE), "OK") | K102: =IF(J102=C102, "EMBARGADO", "LIBERADO")
B103: 98 | C103: 11-18 | D103: 11 | E103: 18 | F103: ALTINO AYRES DA COSTA JUNIOR | H103: 45978 | I103: EXCLUSIVE | J103: =IFERROR(VLOOKUP($C103,Embargos!$D$3:$D$4484,1,FALSE), "OK") | K103: =IF(J103=C103, "EMBARGADO", "LIBERADO")
B104: 99 | C104: 22-7 | D104: 22 | E104: 7 | F104: ALUIZIO RODRIGUES DO CARMO FILHO | H104: 45260 | I104: GARDEN | J104: =IFERROR(VLOOKUP($C104,Embargos!$D$3:$D$4484,1,FALSE), "OK") | K104: =IF(J104=C104, "EMBARGADO", "LIBERADO")
B105: 100 | C105: 52-36 | D105: 52 | E105: 36 | F105: ALVARO DALLBELLO | H105: 44949 | I105: LARANJA | J105: =IFERROR(VLOOKUP($C105,Embargos!$D$3:$D$4484,1,FALSE), "OK") | K105: =IF(J105=C105, "EMBARGADO", "LIBERADO")
B106: 101 | C106: 23-10 | D106: 23 | E106: 10 | F106: AMANDA BIANCHINI PEPER | H106: 45346 | I106: GARDEN | J106: =IFERROR(VLOOKUP($C106,Embargos!$D$3:$D$4484,1,FALSE), "OK") | K106: =IF(J106=C106, "EMBARGADO", "LIBERADO")
B107: 102 | C107: 56-75 | D107: 56 | E107: 75 | F107: AMANDA DO SOCORRO CUNHA LACERDA | H107: 45227 | I107: ROXO | J107: =IFERROR(VLOOKUP($C107,Embargos!$D$3:$D$4484,1,FALSE), "OK") | K107: =IF(J107=C107, "EMBARGADO", "LIBERADO")
B108: 103 | C108: 33-5 | D108: 33 | E108: 5 | F108: AMANDA FONTELLES ALVES | H108: 45554 | I108: GARDEN | J108: =IFERROR(VLOOKUP($C108,Embargos!$D$3:$D$4484,1,FALSE), "OK") | K108: =IF(J108=C108, "EMBARGADO", "LIBERADO")
B109: 104 | C109: 34-5 | D109: 34 | E109: 5 | F109: AMANDA FONTELLES ALVES | H109: 45573 | I109: GARDEN | J109: =IFERROR(VLOOKUP($C109,Embargos!$D$3:$D$4484,1,FALSE), "OK") | K109: =IF(J109=C109, "EMBARGADO", "LIBERADO")
... B121: 116 | C121: 9-7 | D121: 9 | E121: 7 | F121: ANA CAROLINA VIEGAS DO ROSARIO | H121: 45260 | I121: GARDEN | J121: =IFERROR(VLOOKUP($C121,Embargos!$D$3:$D$4484,1,FALSE), "OK") | K121: =IF(J121=C121, "EMBARGADO", "LIBERADO")
B122: 117 | C122: 58-75 | D122: 58 | E122: 75 | F122: ANA CELIA MONTEIRO DE SOUZA PEREIRA | G122: SIM | H122: 45213 | I122: ROXO | J122: =IFERROR(VLOOKUP($C122,Embargos!$D$3:$D$4484,1,FALSE), "OK") | K122: =IF(J122=C122, "EMBARGADO", "LIBERADO")
B123: 118 | C123: 45-60 | D123: 45 | E123: 60 | F123: ANA CELIA MONTEIRO DE SOUZA PEREIRA | H123: 45680 | I123: ROXO | J123: =IFERROR(VLOOKUP($C123,Embargos!$D$3:$D$4484,1,FALSE), "OK") | K123: =IF(J123=C123, "EMBARGADO", "LIBERADO")
B124: 119 | C124: 14-4 | D124: 14 | E124: 4 | F124: ANA CLARA POMPEU MENEZES | H124: 45374 | I124: GARDEN | J124: =IFERROR(VLOOKUP($C124,Embargos!$D$3:$D$4484,1,FALSE), "OK") | K124: =IF(J124=C124, "EMBARGADO", "LIBERADO")
B125: 120 | C125: 15-69 | D125: 15 | E125: 69 | F125: ANA CLAUDIA FARIA CAMARGO | H125: 45096 | I125: AMARELO | J125: =IFERROR(VLOOKUP($C125,Embargos!$D$3:$D$4484,1,FALSE), "OK") | K125: =IF(J125=C125, "EMBARGADO", "LIBERADO")
B126: 121 | C126: 14-47 | D126: 14 | E126: 47 | F126: ANA CLAUDIA VENUTO DE ALFAIA | H126: 44968 | I126: AMARELO | J126: =IFERROR(VLOOKUP($C126,Embargos!$D$3:$D$4484,1,FALSE), "OK") | K126: =IF(J126=C126, "EMBARGADO", "LIBERADO")
B127: 122 | C127: 15-12 | D127: 15 | E127: 12 | F127: ANA CLAUDIA WANZELER MARCAL CARVALHO | H127: 45740 | I127: GARDEN | J127: =IFERROR(VLOOKUP($C127,Embargos!$D$3:$D$4484,1,FALSE), "OK") | K127: =IF(J127=C127, "EMBARGADO", "LIBERADO")
B128: 123 | C128: 15-58 | D128: 15 | E128: 58 | F128: ANA CLEA DA SILVA NASCIMENTO | H128: 45229 | I128: ROXO | J128: =IFERROR(VLOOKUP($C128,Embargos!$D$3:$D$4484,1,FALSE), "OK") | K128: =IF(J128=C128, "EMBARGADO", "LIBERADO")
B129: 124 | C129: 41-51 | D129: 41 | E129: 51 | F129: ANA CRISTINA CORREA MARTINS | H129: 45022 | I129: AMARELO | J129: =IFERROR(VLOOKUP($C129,Embargos!$D$3:$D$4484,1,FALSE), "OK") | K129: =IF(J129=C129, "EMBARGADO", "LIBERADO")
B130: 125 | C130: 14-12 | D130: 14 | E130: 12 | F130: ANA CRISTINA SANTOS SODRÉ | H130: 45272 | I130: GARDEN | J130: =IFERROR(VLOOKUP($C130,Embargos!$D$3:$D$4484,1,FALSE), "OK") | K130: =IF(J130=C130, "EMBARGADO", "LIBERADO")
B131: 126 | C131: 9-64 | D131: 9 | E131: 64 | F131: ANA CRISTINA SARAIVA BENTES | H131: 45749 | I131: AMARELO | J131: =IFERROR(VLOOKUP($C131,Embargos!$D$3:$D$4484,1,FALSE), "OK") | K131: =IF(J131=C131, "EMBARGADO", "LIBERADO")
B132: 127 | C132: 19-3 | D132: 19 | E132: 3 | F132: ANA ERIETH SOUSA REGO | H132: 45845 | I132: GARDEN | J132: =IFERROR(VLOOKUP($C132,Embargos!$D$3:$D$4484,1,FALSE), "OK") | K132: =IF(J132=C132, "EMBARGADO", "LIBERADO")
B133: 128 | C133: 56-35 | D133: 56 | E133: 35 | F133: ANA ESTHER SILVA PACHECO | H133: 45894 | I133: LARANJA | J133: =IFERROR(VLOOKUP($C133,Embargos!$D$3:$D$4484,1,FALSE), "OK") | K133: =IF(J133=C133, "EMBARGADO", "LIBERADO")
B134: 129 | C134: 7-24 | D134: 7 | E134: 24 | F134: ANA LAURA DA SILVA ALVES HOLANDA | H134: 44942 | I134: VERMELHO | J134: =IFERROR(VLOOKUP($C134,Embargos!$D$3:$D$4484,1,FALSE), "OK") | K134: =IF(J134=C134, "EMBARGADO", "LIBERADO")
... B156: 151 | C156: 11-53 | D156: 11 | E156: 53 | F156: ANDERSON ROBERTO DE OLIVEIRA BORCEM | H156: 45681 | I156: AMARELO | J156: =IFERROR(VLOOKUP($C156,Embargos!$D$3:$D$4484,1,FALSE), "OK") | K156: =IF(J156=C156, "EMBARGADO", "LIBERADO")
B157: 152 | C157: 13-65 | D157: 13 | E157: 65 | F157: ANDRE COSTA CARVALHO | G157: SIM | H157: 45073 | I157: AMARELO | J157: =IFERROR(VLOOKUP($C157,Embargos!$D$3:$D$4484,1,FALSE), "OK") | K157: =IF(J157=C157, "EMBARGADO", "LIBERADO")
B158: 153 | C158: 14-65 | D158: 14 | E158: 65 | F158: ANDRE COSTA CARVALHO | H158: 45073 | I158: AMARELO | J158: =IFERROR(VLOOKUP($C158,Embargos!$D$3:$D$4484,1,FALSE), "OK") | K158: =IF(J158=C158, "EMBARGADO", "LIBERADO")
B159: 154 | C159: 1-15 | D159: 1 | E159: 15 | F159: ANDRE FRANCO LEITE | H159: 45757 | I159: GARDEN | J159: =IFERROR(VLOOKUP($C159,Embargos!$D$3:$D$4484,1,FALSE), "OK") | K159: =IF(J159=C159, "EMBARGADO", "LIBERADO")
B160: 155 | C160: 20-24 | D160: 20 | E160: 24 | F160: ANDRE LUIS SANTOS LOBATO | H160: 44938 | I160: VERMELHO | J160: =IFERROR(VLOOKUP($C160,Embargos!$D$3:$D$4484,1,FALSE), "OK") | K160: =IF(J160=C160, "EMBARGADO", "LIBERADO")
B161: 156 | C161: 16-18 | D161: 16 | E161: 18 | F161: ANDRE LUIZ DA SILVA REIS | G161: SIM | H161: 45722 | I161: EXCLUSIVE | J161: =IFERROR(VLOOKUP($C161,Embargos!$D$3:$D$4484,1,FALSE), "OK") | K161: =IF(J161=C161, "EMBARGADO", "LIBERADO")
B162: 157 | C162: 14-78 | D162: 14 | E162: 78 | F162: ANDRE LUIZ TAVARES GUIMARÃES | H162: 45066 | I162: ROXO | J162: =IFERROR(VLOOKUP($C162,Embargos!$D$3:$D$4484,1,FALSE), "OK") | K162: =IF(J162=C162, "EMBARGADO", "LIBERADO")
B163: 158 | C163: 7-20 | D163: 7 | E163: 20 | F163: ANDRE LUIZ TAVARES MENDES | H163: 45695 | I163: EXCLUSIVE | J163: =IFERROR(VLOOKUP($C163,Embargos!$D$3:$D$4484,1,FALSE), "OK") | K163: =IF(J163=C163, "EMBARGADO", "LIBERADO")
B164: 159 | C164: 56-55 | D164: 56 | E164: 55 | F164: ANDRE PERES GUERREIRO | H164: 44957 | I164: AMARELO | J164: =IFERROR(VLOOKUP($C164,Embargos!$D$3:$D$4484,1,FALSE), "OK") | K164: =IF(J164=C164, "EMBARGADO", "LIBERADO")
B165: 160 | C165: 13-55 | D165: 13 | E165: 55 | F165: ANDRE PERES GUERREIRO | H165: 45073 | I165: AMARELO | J165: =IFERROR(VLOOKUP($C165,Embargos!$D$3:$D$4484,1,FALSE), "OK") | K165: =IF(J165=C165, "EMBARGADO", "LIBERADO")
B166: 161 | C166: 5-5 | D166: 5 | E166: 5 | F166: ANDRE RODRIGUES PESSOA | H166: 45273 | I166: GARDEN | J166: =IFERROR(VLOOKUP($C166,Embargos!$D$3:$D$4484,1,FALSE), "OK") | K166: =IF(J166=C166, "EMBARGADO", "LIBERADO")
B167: 162 | C167: 37-29 | D167: 37 | E167: 29 | F167: ANDRE RONALD DINIZ DE ANDRADE | H167: 45048 | I167: VERMELHO | J167: =IFERROR(VLOOKUP($C167,Embargos!$D$3:$D$4484,1,FALSE), "OK") | K167: =IF(J167=C167, "EMBARGADO", "LIBERADO")
B168: 163 | C168: 1-38 | D168: 1 | E168: 38 | F168: ANDRE RONALD DINIZ DE ANDRADE | H168: 45171 | I168: LARANJA | J168: =IFERROR(VLOOKUP($C168,Embargos!$D$3:$D$4484,1,FALSE), "OK") | K168: =IF(J168=C168, "EMBARGADO", "LIBERADO")
B169: 164 | C169: 26-69 | D169: 26 | E169: 69 | F169: ANDRÉA ARSÈNE FAUSTINE | H169: 46216 | I169: AMARELO | J169: =IFERROR(VLOOKUP($C169,Embargos!$D$3:$D$4484,1,FALSE), "OK") | K169: =IF(J169=C169, "EMBARGADO", "LIBERADO")
B170: 165 | C170: 27-69 | D170: 27 | E170: 69 | F170: ANDRÉA ARSÈNE FAUSTINE | H170: 46216 | I170: AMARELO | J170: =IFERROR(VLOOKUP($C170,Embargos!$D$3:$D$4484,1,FALSE), "OK") | K170: =IF(J170=C170, "EMBARGADO", "LIBERADO")
B171: 166 | C171: 7-5 | D171: 7 | E171: 5 | F171: ANDREA BRABO DE JESUS NEVES | H171: 45266 | I171: GARDEN | J171: =IFERROR(VLOOKUP($C171,Embargos!$D$3:$D$4484,1,FALSE), "OK") | K171: =IF(J171=C171, "EMBARGADO", "LIBERADO")
B172: 167 | C172: 8-66 | D172: 8 | E172: 66 | F172: ANDREA CRISTINA BARROS MACHADO | H172: 45101 | I172: AMARELO | J172: =IFERROR(VLOOKUP($C172,Embargos!$D$3:$D$4484,1,FALSE), "OK") | K172: =IF(J172=C172, "EMBARGADO", "LIBERADO")
B173: 168 | C173: 7-66 | D173: 7 | E173: 66 | F173: ANDREA CRISTINA BARROS MACHADO | H173: 46085 | I173: AMARELO | J173: =IFERROR(VLOOKUP($C173,Embargos!$D$3:$D$4484,1,FALSE), "OK") | K173: =IF(J173=C173, "EMBARGADO", "LIBERADO")
... B195: 190 | C195: 25-54 | D195: 25 | E195: 54 | F195: ANGELA TEREZA DE OLIVEIRA CORREA | H195: 45195 | I195: AMARELO | J195: =IFERROR(VLOOKUP($C195,Embargos!$D$3:$D$4484,1,FALSE), "OK") | K195: =IF(J195=C195, "EMBARGADO", "LIBERADO")
B196: 191 | C196: 10-41 | D196: 10 | E196: 41 | F196: ANGELO LUIZ BARBOSA IMBIRIBA | G196: SIM | H196: 45154 | I196: LARANJA | J196: =IFERROR(VLOOKUP($C196,Embargos!$D$3:$D$4484,1,FALSE), "OK") | K196: =IF(J196=C196, "EMBARGADO", "LIBERADO")
B197: 192 | C197: 2-28 | D197: 2 | E197: 28 | F197: ANILDO SABOIA DOS SANTOS JUNIOR | H197: 44939 | I197: VERMELHO | J197: =IFERROR(VLOOKUP($C197,Embargos!$D$3:$D$4484,1,FALSE), "OK") | K197: =IF(J197=C197, "EMBARGADO", "LIBERADO")
B198: 193 | C198: 7-47 | D198: 7 | E198: 47 | F198: ANIRROSI FERREIRA DA SILVA ARAGÃO | H198: 44936 | I198: AMARELO | J198: =IFERROR(VLOOKUP($C198,Embargos!$D$3:$D$4484,1,FALSE), "OK") | K198: =IF(J198=C198, "EMBARGADO", "LIBERADO")
B199: 194 | C199: 19-53 | D199: 19 | E199: 53 | F199: ANNA CARLA ANTUNES AGUIAR | H199: 45412 | I199: AMARELO | J199: =IFERROR(VLOOKUP($C199,Embargos!$D$3:$D$4484,1,FALSE), "OK") | K199: =IF(J199=C199, "EMBARGADO", "LIBERADO")
B200: 195 | C200: 42-6 | D200: 42 | E200: 6 | F200: ANNA CHRISTINA VIEIRA BENINE | H200: 45101 | I200: VERMELHO | J200: =IFERROR(VLOOKUP($C200,Embargos!$D$3:$D$4484,1,FALSE), "OK") | K200: =IF(J200=C200, "EMBARGADO", "LIBERADO")
B201: 196 | C201: 9-13 | D201: 9 | E201: 13 | F201: ANNE KALLYNI GREGORIO PEREIRA | H201: 45847 | I201: GARDEN | J201: =IFERROR(VLOOKUP($C201,Embargos!$D$3:$D$4484,1,FALSE), "OK") | K201: =IF(J201=C201, "EMBARGADO", "LIBERADO")
B202: 197 | C202: 3-79 | D202: 3 | E202: 79 | F202: ANSELMO WAGNER PINHEIRO DOS SANTOS | H202: 45222 | I202: ROXO | J202: =IFERROR(VLOOKUP($C202,Embargos!$D$3:$D$4484,1,FALSE), "OK") | K202: =IF(J202=C202, "EMBARGADO", "LIBERADO")
B203: 198 | C203: 4-79 | D203: 4 | E203: 79 | F203: ANSELMO WAGNER PINHEIRO DOS SANTOS | H203: 45222 | I203: ROXO | J203: =IFERROR(VLOOKUP($C203,Embargos!$D$3:$D$4484,1,FALSE), "OK") | K203: =IF(J203=C203, "EMBARGADO", "LIBERADO")
B204: 199 | C204: 7-19 | D204: 7 | E204: 19 | F204: ANTHONY PAULO DE SOUZA MONTEIRO | H204: 45318 | I204: EXCLUSIVE | J204: =IFERROR(VLOOKUP($C204,Embargos!$D$3:$D$4484,1,FALSE), "OK") | K204: =IF(J204=C204, "EMBARGADO", "LIBERADO")
B205: 200 | C205: 8-9 | D205: 8 | E205: 9 | F205: ANTONIA NERIVALDA BRITO DE OLIVEIRA | H205: 45346 | I205: GARDEN | J205: =IFERROR(VLOOKUP($C205,Embargos!$D$3:$D$4484,1,FALSE), "OK") | K205: =IF(J205=C205, "EMBARGADO", "LIBERADO")
B206: 201 | C206: 37-13 | D206: 37 | E206: 13 | F206: ANTONIA ROSIENE CABRAL DA COSTA | H206: 45958 | I206: GARDEN | J206: =IFERROR(VLOOKUP($C206,Embargos!$D$3:$D$4484,1,FALSE), "OK") | K206: =IF(J206=C206, "EMBARGADO", "LIBERADO")
B207: 202 | C207: 29-46 | D207: 29 | E207: 46 | F207: ANTONILDO DA SILVA NEGRÃO | H207: 45376 | I207: LARANJA | J207: =IFERROR(VLOOKUP($C207,Embargos!$D$3:$D$4484,1,FALSE), "OK") | K207: =IF(J207=C207, "EMBARGADO", "LIBERADO")
B208: 203 | C208: 12-19 | D208: 12 | E208: 19 | F208: ANTONILDO SILVA DA SILVA | H208: 45694 | I208: EXCLUSIVE | J208: =IFERROR(VLOOKUP($C208,Embargos!$D$3:$D$4484,1,FALSE), "OK") | K208: =IF(J208=C208, "EMBARGADO", "LIBERADO")
... B223: 218 | C223: 40-51 | D223: 40 | E223: 51 | F223: ANTONIO DE JESUS DOS SANTOS BRAZ | H223: 44937 | I223: AMARELO | J223: =IFERROR(VLOOKUP($C223,Embargos!$D$3:$D$4484,1,FALSE), "OK") | K223: =IF(J223=C223, "EMBARGADO", "LIBERADO")
B224: 219 | C224: 10-51 | D224: 10 | E224: 51 | F224: ANTONIO DIVANILSON ARAUJO | G224: SIM | H224: 44935 | I224: AMARELO | J224: =IFERROR(VLOOKUP($C224,Embargos!$D$3:$D$4484,1,FALSE), "OK") | K224: =IF(J224=C224, "EMBARGADO", "LIBERADO")
B225: 220 | C225: 19-33 | D225: 19 | E225: 33 | F225: ANTONIO FERREIRA MAGNO | H225: 44957 | I225: VERMELHO | J225: =IFERROR(VLOOKUP($C225,Embargos!$D$3:$D$4484,1,FALSE), "OK") | K225: =IF(J225=C225, "EMBARGADO", "LIBERADO")
B226: 221 | C226: 7-18 | D226: 7 | E226: 18 | F226: ANTONIO FRANCISCO ALMEIDA ARAUJO | H226: 45863 | I226: EXCLUSIVE | J226: =IFERROR(VLOOKUP($C226,Embargos!$D$3:$D$4484,1,FALSE), "OK") | K226: =IF(J226=C226, "EMBARGADO", "LIBERADO")
B227: 222 | C227: 28-14 | D227: 28 | E227: 14 | F227: ANTONIO JORGE PEREIRA CARTAGENES | H227: 45318 | I227: GARDEN | J227: =IFERROR(VLOOKUP($C227,Embargos!$D$3:$D$4484,1,FALSE), "OK") | K227: =IF(J227=C227, "EMBARGADO", "LIBERADO")
B228: 223 | C228: 51-75 | D228: 51 | E228: 75 | F228: ANTONIO LUIZ FERNANDES NETO | H228: 45400 | I228: ROXO | J228: =IFERROR(VLOOKUP($C228,Embargos!$D$3:$D$4484,1,FALSE), "OK") | K228: =IF(J228=C228, "EMBARGADO", "LIBERADO")
B229: 224 | C229: 13-30 | D229: 13 | E229: 30 | F229: ANTONIO MELO MIRANDA | H229: 45199 | I229: VERMELHO | J229: =IFERROR(VLOOKUP($C229,Embargos!$D$3:$D$4484,1,FALSE), "OK") | K229: =IF(J229=C229, "EMBARGADO", "LIBERADO")
B230: 225 | C230: 33-28 | D230: 33 | E230: 28 | F230: ANTONIO PEREIRA DE MENDONÇA | H230: 44949 | I230: VERMELHO | J230: =IFERROR(VLOOKUP($C230,Embargos!$D$3:$D$4484,1,FALSE), "OK") | K230: =IF(J230=C230, "EMBARGADO", "LIBERADO")
B231: 226 | C231: 11-24 | D231: 11 | E231: 24 | F231: ANTONIO RODRIGO LACERDA CUNHA | H231: 45142 | I231: VERMELHO | J231: =IFERROR(VLOOKUP($C231,Embargos!$D$3:$D$4484,1,FALSE), "OK") | K231: =IF(J231=C231, "EMBARGADO", "LIBERADO")
B232: 227 | C232: 21-72 | D232: 21 | E232: 72 | F232: ANTONIO RODRIGO LACERDA CUNHA | H232: 45159 | I232: LARANJA | J232: =IFERROR(VLOOKUP($C232,Embargos!$D$3:$D$4484,1,FALSE), "OK") | K232: =IF(J232=C232, "EMBARGADO", "LIBERADO")
B233: 228 | C233: 38-13 | D233: 38 | E233: 13 | F233: ANTONIO RODRIGO LACERDA CUNHA | H233: 45271 | I233: GARDEN | J233: =IFERROR(VLOOKUP($C233,Embargos!$D$3:$D$4484,1,FALSE), "OK") | K233: =IF(J233=C233, "EMBARGADO", "LIBERADO")
B234: 229 | C234: 1-20 | D234: 1 | E234: 20 | F234: ANTONIO RUI DOS SANTOS BARBOSA | H234: 45595 | I234: EXCLUSIVE | J234: =IFERROR(VLOOKUP($C234,Embargos!$D$3:$D$4484,1,FALSE), "OK") | K234: =IF(J234=C234, "EMBARGADO", "LIBERADO")
B235: 230 | C235: 21-67 | D235: 21 | E235: 67 | F235: ANTONIO TAMASAUSKAS FILHO | H235: 44938 | I235: AMARELO | J235: =IFERROR(VLOOKUP($C235,Embargos!$D$3:$D$4484,1,FALSE), "OK") | K235: =IF(J235=C235, "EMBARGADO", "LIBERADO")
B236: 231 | C236: 22-67 | D236: 22 | E236: 67 | F236: ANTONIO TAMASAUSKAS FILHO | H236: 44938 | I236: AMARELO | J236: =IFERROR(VLOOKUP($C236,Embargos!$D$3:$D$4484,1,FALSE), "OK") | K236: =IF(J236=C236, "EMBARGADO", "LIBERADO")
... B324: 319 | C324: 3-5 | D324: 3 | E324: 5 | F324: CAMILO CASSIANO RANGEL CANTO | H324: 45255 | I324: GARDEN | J324: =IFERROR(VLOOKUP($C324,Embargos!$D$3:$D$4484,1,FALSE), "OK") | K324: =IF(J324=C324, "EMBARGADO", "LIBERADO")
B325: 320 | C325: 19-29 | D325: 19 | E325: 29 | F325: CARINA DO SOCORRO CONCEIÇÃO DA SILVA | G325: SIM | H325: 44946 | I325: VERMELHO | J325: =IFERROR(VLOOKUP($C325,Embargos!$D$3:$D$4484,1,FALSE), "OK") | K325: =IF(J325=C325, "EMBARGADO", "LIBERADO")
B326: 321 | C326: 72-24 | D326: 72 | E326: 24 | F326: CARLA CRISTINA FERREIRA CARDOSO CARVALHO | H326: 45412 | I326: AMARELO | J326: =IFERROR(VLOOKUP($C326,Embargos!$D$3:$D$4484,1,FALSE), "OK") | K326: =IF(J326=C326, "EMBARGADO", "LIBERADO")
B327: 322 | C327: 17-32 | D327: 17 | E327: 32 | F327: CARLA VALERIA DE LYRA CASTRO | H327: 44964 | I327: VERMELHO | J327: =IFERROR(VLOOKUP($C327,Embargos!$D$3:$D$4484,1,FALSE), "OK") | K327: =IF(J327=C327, "EMBARGADO", "LIBERADO")
B328: 323 | C328: 47-70 | D328: 47 | E328: 70 | F328: CARLENA MORAIS LIMA DE OLIVEIRA | H328: 46198 | I328: LARANJA | J328: =IFERROR(VLOOKUP($C328,Embargos!$D$3:$D$4484,1,FALSE), "OK") | K328: =IF(J328=C328, "EMBARGADO", "LIBERADO")
B329: 324 | C329: 1-4 | D329: 1 | E329: 4 | F329: CARLOS ALBERTO DA SILVA ALCANTARA | H329: 45248 | I329: GARDEN | J329: =IFERROR(VLOOKUP($C329,Embargos!$D$3:$D$4484,1,FALSE), "OK") | K329: =IF(J329=C329, "EMBARGADO", "LIBERADO")
B330: 325 | C330: 12-40 | D330: 12 | E330: 40 | F330: CARLOS ALBERTO DA SILVA RAIOL | H330: 45155 | I330: LARANJA | J330: =IFERROR(VLOOKUP($C330,Embargos!$D$3:$D$4484,1,FALSE), "OK") | K330: =IF(J330=C330, "EMBARGADO", "LIBERADO")
B331: 326 | C331: 36-27 | D331: 36 | E331: 27 | F331: CARLOS ALBERTO DIAS FERREIRA | H331: 44964 | I331: VERMELHO | J331: =IFERROR(VLOOKUP($C331,Embargos!$D$3:$D$4484,1,FALSE), "OK") | K331: =IF(J331=C331, "EMBARGADO", "LIBERADO")
B332: 327 | C332: 33-12 | D332: 33 | E332: 12 | F332: CARLOS AUGUSTO LISBOA DA SILVA | H332: 45013 | I332: VERMELHO | J332: =IFERROR(VLOOKUP($C332,Embargos!$D$3:$D$4484,1,FALSE), "OK") | K332: =IF(J332=C332, "EMBARGADO", "LIBERADO")
B333: 328 | C333: 6-10 | D333: 6 | E333: 10 | F333: CARLOS AUGUSTO LISBOA DA SILVA | H333: 45383 | I333: GARDEN | J333: =IFERROR(VLOOKUP($C333,Embargos!$D$3:$D$4484,1,FALSE), "OK") | K333: =IF(J333=C333, "EMBARGADO", "LIBERADO")
...

Sheet Embargos
A1: Embargo de obra - 24.09.2026
A2: DIAS DE ATRASO | B2: Construção | C2: Habitado | D2: Lote/Quadra | E2: Nome do Cliente | F2: Atraso desde
A3: 50 | B3: Sem construção | C3: NÃO | D3: 19-62 | E3: ADRIANA DE ALCANTARA SIQUEIRA | F3: 46150
A4: 221 | B4: Sem construção | C4: NÃO | D4: 18-30 | E4: AGRIGEO TOPOGRAFIA E SERVIÇO EIRELI | F4: 15/02/2026
A5: 50 | B5: Sem construção | C5: NÃO | D5: 13-12 | E5: AGUINALDO LUIZ DOS REIS SILVA JUNIOR | F5: 46150
A6: 40 | B6: BARRACÃO DE OBRA | C6: NÃO | D6: 60-51 | E6: ALAN MARCELO LOBATO CHAGAS | F6: 15/08/2026
A7: 19 | B7: CASA / RESIDÊNCIA | C7: NÃO | D7: 37-6 | E7: ALAN MORAES VIANA | F7: 46151
A8: 71 | B8: Sem construção | C8: NÃO | D8: 4-3 | E8: ALCI COSTA PENA | F8: 15/07/2026
A9: 40 | B9: Sem construção | C9: NÃO | D9: 5-77 | E9: ALDO LOBO MELO | F9: 15/08/2026
A10: 40 | B10: Sem construção | C10: NÃO | D10: 13-15 | E10: ALESSANDRA SACRAMENTO COSTA | F10: 15/08/2026
A11: 19 | B11: Sem construção | C11: NÃO | D11: 47-69 | E11: ALIANNE LUCIA DE ALMEIDA MATOS | F11: 46151
A12: 66 | B12: Sem construção | C12: NÃO | D12: 4-54 | E12: ALINE ELLEN FONTES DA COSTA | F12: 20/07/2026
A13: 19 | B13: Sem construção | C13: NÃO | D13: 34-9 | E13: ALONSO JUNIOR PINHEIRO CARVALHO | F13: 46151
A14: 45 | B14: Sem construção | C14: NÃO | D14: 11-18 | E14: ALTINO AYRES DA COSTA JUNIOR | F14: 46303
A15: 14 | B15: Sem construção | C15: NÃO | D15: 5-26 | E15: AMANDA VITORIA DA SILVA SOUZA | F15: 46304
A16: 50 | B16: Sem construção | C16: NÃO | D16: 28-48 | E16: AMELIA DAS GRAÇAS CANTÃO SIMÕES | F16: 46150
A17: 19 | B17: Sem construção | C17: NÃO | D17: 10-57 | E17: ANA CAROLINA SOARES LAUANDE | F17: 46151
A18: 35 | B18: Sem construção | C18: NÃO | D18: 17-45 | E18: ANA PAULA SILVA DOS SANTOS | F18: 20/08/2026
A19: 231 | B19: Sem construção | C19: NÃO | D19: 20-55 | E19: ANA PRISCILA MONTEIRO NUNES | F19: 46144
A20: 127 | B20: Sem construção | C20: NÃO | D20: 30-18 | E20: ANA TATIANE COELHO REBELO | F20: 20/05/2026
A21: 40 | B21: Sem construção | C21: NÃO | D21: 23-38 | E21: ANA VALERIA RIBEIRO BORGES | F21: 15/08/2026
A22: 101 | B22: Sem construção | C22: NÃO | D22: 17-8 | E22: ANANDA MIRANDA LOPES | F22: 15/06/2026
A23: 19 | B23: Sem construção | C23: NÃO | D23: 23-51 | E23: ANDERSON RICARDO DA SILVA CABRAL | F23: 46151
A24: 50 | B24: Sem construção | C24: NÃO | D24: 5-5 | E24: ANDRE RODRIGUES PESSOA | F24: 46150
A25: 19 | B25: Sem construção | C25: NÃO | D25: 7-5 | E25: ANDREA BRABO DE JESUS NEVES | F25: 46151
A26: 19 | B26: Sem construção | C26: NÃO | D26: 33-13 | E26: ANDREZA LUSTOSA DE SOUZA | F26: 46151
A27: 172 | B27: Sem construção | C27: NÃO | D27: 12-19 | E27: ANTONILDO SILVA DA SILVA | F27: 46146
A28: 19 | B28: Sem construção | C28: NÃO | D28: 3-2 | E28: ANTONIO AUGUSTO FERREIRA DA MOTA | F28: 46151
A29: 19 | B29: Sem construção | C29: NÃO | D29: 20-33 | E29: ANTONIO AUGUSTO FERREIRA DA MOTA | F29: 46151
A30: 40 | B30: Sem construção | C30: NÃO | D30: 51-75 | E30: ANTONIO LUIZ FERNANDES NETO | F30: 15/08/2026
A31: 50 | B31: Sem construção | C31: NÃO | D31: 20-26 | E31: AYK EULALIA MOTTA SOUZA FREIRE | F31: 46150
A32: 71 | B32: Sem construção | C32: NÃO | D32: 14-33 | E32: BEATRIZ DE SOUZA DE SOUZA | F32: 15/07/2026
A33: 35 | B33: MURO | C33: NÃO | D33: 20-81 | E33: BENEDITO MARQUES RODRIGUES | F33: 20/08/2026
A34: 50 | B34: Sem construção | C34: NÃO | D34: 25-69 | E34: BETANIA CAROLAINE AGUIAR DE SOUZA | F34: 46150
A35: 45 | B35: Sem construção | C35: NÃO | D35: 47-35 | E35: BIANCA LAYANE GURJÃO DA COSTA | F35: 46303
A36: 45 | B36: Sem construção | C36: NÃO | D36: 11-66 | E36: BRENDA GONÇALVES DE ANDRADE PAES | F36: 46303
A37: 40 | B37: Sem construção | C37: NÃO | D37: 4-25 | E37: BRUNESA PAULA DE VASCONCELOS NOGUEIRA | F37: 15/08/2026
A38: 71 | B38: Sem construção | C38: NÃO | D38: 19-32 | E38: BRUNO ASSAYAG DA SILVA | F38: 15/07/2026
A39: 35 | B39: Sem construção | C39: NÃO | D39: 35-28 | E39: BRUNO FONSECA DE MEDEIROS | F39: 20/08/2026
A40: 35 | B40: Sem construção | C40: NÃO | D40: 28-78 | E40: BRUNO RAIOL MONTEIRO FERREIRA | F40: 20/08/2026
A41: 40 | B41: MURO | C41: NÃO | D41: 23-26 | E41: CAMILLO JOSE SARNO BROCHADO | F41: 15/08/2026
A42: 40 | B42: MURO | C42: NÃO | D42: 22-26 | E42: CAMILLO JOSE SARNO BROCHADO | F42: 15/08/2026
A43: 50 | B43: Sem construção | C43: NÃO | D43: 1-4 | E43: CARLOS ALBERTO DA SILVA ALCANTARA | F43: 46150
A44: 81 | B44: Sem construção | C44: NÃO | D44: 2-75 | E44: CARLOS ISRAEL VAZ E SILVA | F44: 46149
A45: 19 | B45: CASA / RESIDÊNCIA | C45: NÃO | D45: 2-74 | E45: CARLOS LEONARDO DA SILVA | F45: 46151
A46: 50 | B46: Sem construção | C46: NÃO | D46: 15-1 | E46: CELICE FREITAS MADUREIRA RIBEIRO | F46: 46150
A47: 50 | B47: Sem construção | C47: NÃO | D47: 18-54 | E47: CLAYTON QUARESMA DA COSTA | F47: 46150
A48: 50 | B48: Sem construção | C48: NÃO | D48: 17-62 | E48: CRISLEY MOREIRA PALHETA | F48: 46150
A49: 40 | B49: Sem construção | C49: NÃO | D49: 14-51 | E49: CRISTIANE LOPES DE OLIVEIRA | F49: 15/08/2026
A50: 127 | B50: Sem construção | C50: NÃO | D50: 4-58 | E50: CRISTINA DE OLIVEIRA SANTOS | F50: 20/05/2026
A51: 81 | B51: Sem construção | C51: NÃO | D51: 8-79 | E51: DANIELE QUEIROZ DA SILVA | F51: 46149
A52: 35 | B52: Sem construção | C52: NÃO | D52: 15-45 | E52: DAVID DA SILVA GONÇALVES | F52: 20/08/2026
A53: 106 | B53: Sem construção | C53: NÃO | D53: 21-45 | E53: DENIS SALOMAO MONTEIRO ALVES DE LIMA | F53: 46301
A54: 132 | B54: Sem construção | C54: NÃO | D54: 34-69 | E54: DENISE REGINA BATISTA MC PHERSON | F54: 15/05/2026
A55: 96 | B55: Sem construção | C55: NÃO | D55: 30-23 | E55: DENISE REGINA BATISTA MC PHERSON | F55: 20/06/2026
A56: 231 | B56: Sem construção | C56: NÃO | D56: 31-60 | E56: DEYSE NASCIMENTO SOUSA | F56: 46144
A57: 50 | B57: Sem construção | C57: NÃO | D57: 19-11 | E57: DIEGO LEANDRO SOUSA DE AZEVEDO | F57: 46150
A58: 50 | B58: Sem construção | C58: NÃO | D58: 54-36 | E58: DORALICE VINAGRE MELO | F58: 46150
A59: 50 | B59: Sem construção | C59: NÃO | D59: 40-29 | E59: DORALICE VINAGRE MELO | F59: 46150
A60: 111 | B60: Sem construção | C60: NÃO | D60: 39-6 | E60: EDIMAR RODRIGUES MEIRELES FILHO | F60: 46148
A61: 35 | B61: Sem construção | C61: NÃO | D61: 23-53 | E61: EDINELMA LUCIA MODESTO BORGES | F61: 20/08/2026
A62: 101 | B62: Sem construção | C62: NÃO | D62: 12-9 | E62: EDRIAN NASCIMENTO BIAGI CEI | F62: 15/06/2026
A63: 81 | B63: MURO | C63: NÃO | D63: 23-58 | E63: EDVALDO MELO SOUZA | F63: 46149
A64: 66 | B64: Sem construção | C64: NÃO | D64: 23-3 | E64: ELIELSON LOBATO DOS SANTOS | F64: 20/07/2026
A65: 66 | B65: MURO | C65: NÃO | D65: 6-49 | E65: ELISANGELA DA SILVA | F65: 20/07/2026
A66: 71 | B66: Sem construção | C66: NÃO | D66: 17-30 | E66: ELISANGELA SILVA CORREA | F66: 15/07/2026
A67: 40 | B67: CASA / RESIDÊNCIA | C67: SIM | D67: 15-54 | E67: ELIZABETH LOBATO FURTADO | F67: 15/08/2026
A68: 111 | B68: CASA / RESIDÊNCIA | C68: NÃO | D68: 8-72 | E68: ELIZAMA GABRIELA MADEIRA MALHEIROS DA COSTA | F68: 46148
A69: 14 | B69: CASA / RESIDÊNCIA | C69: NÃO | D69: 35-18 | E69: ELIZANGELA MARIA PINHEIRO DA COSTA | F69: 46304
A70: 14 | B70: Sem construção | C70: NÃO | D70: 14-25 | E70: ELLEN MORAES DE FARIAS | F70: 46304
A71: 14 | B71: Sem construção | C71: NÃO | D71: 5-33 | E71: ELLEN MORAES DE FARIAS | F71: 46304
A72: 45 | B72: Sem construção | C72: NÃO | D72: 35-38 | E72: ERON MAX XABREGAS GAIA | F72: 46303
A73: 50 | B73: Sem construção | C73: NÃO | D73: 25-71 | E73: EULA KAROLYNE APARECIDA COSTA FREITAS | F73: 46150
A74: 14 | B74: Sem construção | C74: NÃO | D74: 5-58 | E74: EVERTON BRENO LUCAS DAMASCENO | F74: 46304
A75: 19 | B75: Sem construção | C75: NÃO | D75: 38-8 | E75: FABIO CESAR ASSUMPÇÃO MOREIRA | F75: 46151
A76: 19 | B76: Sem construção | C76: NÃO | D76: 28-20 | E76: FRANCIANGELO DE SOUSA BRAGA | F76: 46151
A77: 40 | B77: Sem construção | C77: NÃO | D77: 12-62 | E77: FRANCIDALVA FERREIRA DE SANTANA | F77: 15/08/2026
A78: 19 | B78: Sem construção | C78: NÃO | D78: 60-55 | E78: FRANCINEIDE VALERIO DA COSTA NOJOSA | F78: 46151
A79: 19 | B79: Sem construção | C79: NÃO | D79: 19-2 | E79: GABRIELA REIS DA SILVA DANIN | F79: 46151
A80: 19 | B80: Sem construção | C80: NÃO | D80: 4-50 | E80: GILDJANY SANTOS CHAVES | F80: 46151
A81: 35 | B81: Sem construção | C81: NÃO | D81: 26-58 | E81: GISELE DOS SANTOS MENDONÇA | F81: 20/08/2026
A82: 19 | B82: Sem construção | C82: NÃO | D82: 16-34 | E82: GRACILENE CORREA AFONSO | F82: 46151
A83: 19 | B83: Sem construção | C83: NÃO | D83: 12-2 | E83: GUILHERME NEVES DE MESQUITA | F83: 46151
A84: 111 | B84: Sem construção | C84: NÃO | D84: 66-33 | E84: HAGAR SOUZA DUARTE | F84: 46148
A85: 19 | B85: CASA / RESIDÊNCIA | C85: NÃO | D85: 3-27 | E85: HENRIQUE MAGALHAES DE OLIVEIRA | F85: 46151
A86: 35 | B86: Sem construção | C86: NÃO | D86: 1-47 | E86: HUGO DE OLIVEIRA CUTRIM CARVALHO | F86: 20/08/2026
A87: 19 | B87: Sem construção | C87: NÃO | D87: 36-19 | E87: HUGO LEONARDO PONTES DE ALMEIDA | F87: 46151
A88: 14 | B88: Sem construção | C88: NÃO | D88: 26-55 | E88: HUGO RAFAEL LIMA E SILVA | F88: 46304
A89: 14 | B89: Sem construção | C89: NÃO | D89: 27-55 | E89: HUGO RAFAEL LIMA E SILVA | F89: 46304
A90: 71 | B90: CASA / RESIDÊNCIA | C90: SIM | D90: 2-6 | E90: HUMBERTO BARRETO DOS SANTOS FILHO | F90: 15/07/2026
A91: 50 | B91: CASA / RESIDÊNCIA | C91: NÃO | D91: 4-8 | E91: HUMBERTO BARRETO DOS SANTOS FILHO | F91: 46150
A92: 50 | B92: CASA / RESIDÊNCIA | C92: NÃO | D92: 5-4 | E92: HUMBERTO BARRETO DOS SANTOS FILHO | F92: 46150
A93: 71 | B93: Sem construção | C93: NÃO | D93: 12-59 | E93: INARA BENEVIDES RAMOS BATISTA | F93: 15/07/2026
A94: 50 | B94: Sem construção | C94: NÃO | D94: 1-36 | E94: IZA MENEZES LEÃO | F94: 46150
A95: 50 | B95: Sem construção | C95: NÃO | D95: 16-21 | E95: IZA MENEZES LEÃO | F95: 46150
A96: 40 | B96: Sem construção | C96: NÃO | D96: 16-24 | E96: IZALENE SOUZA DE ARAUJO DA SILVA | F96: 15/08/2026
A97: 81 | B97: Sem construção | C97: NÃO | D97: 9-15 | E97: JACKSON MODESTO ALVES POMPILIO | F97: 46149
A98: 50 | B98: Sem construção | C98: NÃO | D98: 21-68 | E98: JAIR VERAS DO NASCIMENTO | F98: 46150
A99: 19 | B99: Sem construção | C99: NÃO | D99: 8-73 | E99: JHONNSTON PEREIRA DA SILVA | F99: 46151
A100: 19 | B100: Sem construção | C100: NÃO | D100: 63-60 | E100: JOANA DARC DA SILVA CASTANHO | F100: 46151
...
